{
  "means": {
    "entropy_p10": 0.8520730465574393,
    "bias_p90": 0.17330323542131387,
    "chi_norm_mean": 0.04619260528001023,
    "lsb_residual_p90": 0.978615625107542,
    "bp_suspicion_p90": 0.17330323542131387
  },
  "stds": {
    "entropy_p10": 0.2239051406621476,
    "bias_p90": 0.12071184594593087,
    "chi_norm_mean": 0.0724690287218723,
    "lsb_residual_p90": 0.04164814288474039,
    "bp_suspicion_p90": 0.12071184594593087
  },
  "n_images": 47,
  "source_hint": "unspecified"
}